"Fusion_Name"	"H_Gene"	"T_Gene"	"Left_Breakpoint_Chr"	"Left_Breakpoint_Pos"	"Left_Breakpoint_Str"	"Right_Breakpoint_Chr"	"Right_Breakpoint_Pos"	"Right_Breakpoint_Str"	"Star_Junction_Readcount"	"Star_Spanning_Fragcount"	"FC_Common_Mapping_Reads"	"FC_Spanning_Pairs"	"FC_Spanning_Unique_Reads"	"Fusion_Transcript_Sequence"	"Fusion_Protein_Sequence"	"Fusion_Type"	"Catcher"	"Cancerous_Gene"	"Cancerous_Gene_Symbol"	"Cancerous_Fusion"	"Cancerous_Fusion_Symbol"	"Targetable"	"Targetable_gene"	"Drug_name"	"Drug_chembl_id"	"H_Gene_PFAM_All"	"H_Gene_PFAM_IN_FUSION"	"T_Gene_PFAM_All"	"T_Gene_PFAM_IN_FUSION"	"Cancer_Domains"
"FXR1-ALK"	"FXR1"	"ALK"	NA	NA	NA	NA	NA	NA	NA	NA	NA	NA	NA	NA	"MAELTVEVRGSNGAFYKGFIKDVHEDSLTVVFENNWQPERQVPFNEVRL
PPPPDIKKEISEGDEVEVYSRANDQEPCGWWLAKVRMMKGEFYVIEYAACDATYNEIVTF
ERLRPVNQNKTVKKNTFFKCTVDVPEDLREACANENAHKDFKKAVGACRIFYHPETTQLM
ILSASEATVKRVNILSDMHLRSIRTKLMLMSRNEEATKHLECTKQLAAAFHEEFVVREDL
MGLAIGTHGSNIQQARKVPGVTAIELDEDTGTFRIYGESADAVKKARGFLEFVEDFIQVP
RNLVGKVIGKNGKVIQEIVDKSGVVRVRIEGDNENKLPREDGMVPFVFVGTKESIGNVQV
LLEYHIAYLKEVEQLRMERLQIDEQLRQIGSRSYSGRGRGRRGPNYTSGYVYRRKHQELQ
AMQMELQSPEYKLSKLRTSTIMTDYNPNYCFAGKTSSISDLKEVPRKNITLIRGLGHGAF
GEVYEGQVSGMPNDPSPLQVAVKTLPEVCSEQDELDFLMEALIISKFNHQNIVRCIGVSL
QSLPRFILLELMAGGDLKSFLRETRPRPSQPSSLAMLDLLHVARDIACGCQYLEENHFIH
RDIAARNCLLTCPGPGRVAKIGDFGMARDIYRASYYRKGGCAMLPVKWMPPEAFMEGIFT
SKTDTWSFGVLLWEIFSLGYMPYPSKSNQEVLEFVTSGGRMDPPKNCPGPVYRIMTQCWQ
HQPEDRPNFAIILERIEYCTQDPDVINTALPIEYGPLVEEEEKVPVRPKDPEGVPPLLVS
QQAKREEERSPAAPPPLPTTSSGKAAKKPTAAEISVRVPRGPAVEGGHVNMAFSQSNPPS
ELHKVHGSRNKPTSLWNPTYGSWFTEKPTKKNNPIAKKEPHDRGNLGLEGSCTVPPNVAT
GRLPGASLLLEPSSLTANMKEVPLFRLRHFPCGNVNYGYQQQGLPLEAATAPGAGHYEDT
ILKSKNSMNQPGP
"	NA	NA	"TRUE"	"ALK"	"FALSE"	NA	"TRUE"	"ALK"	"ALECTINIB,ALECTINIB HYDROCHLORIDE,ASP-3026,ATEZOLIZUMAB,BRENTUXIMAB VEDOTIN,BRIGATINIB,CEP-37440,CERITINIB,CHEMBL464552,CHEMBL473773,CRENOLANIB,CRIZOTINIB,CYCLOPHOSPHAMIDE,Delantercept,DOXORUBICIN,DURVALUMAB,ENTRECTINIB,GANETESPIB,IMATINIB,LORLATINIB,NAPROXEN,NIVOLUMAB,NVP-AUY922,ONALESPIB,PEMBROLIZUMAB,PEMETREXED (CHEMBL1201258),SARACATINIB,SELUMETINIB,TAE-684,TOPOTECAN,X-396"	"CHEMBL1201258,CHEMBL1214827,CHEMBL154,CHEMBL1614701,CHEMBL1738797,CHEMBL1742994,CHEMBL1983268,CHEMBL2103879,CHEMBL2105728,CHEMBL2108738,CHEMBL2109662,CHEMBL217092,CHEMBL2403108,CHEMBL252164,CHEMBL3137343,CHEMBL3286830,CHEMBL3301587,CHEMBL3544934,CHEMBL3545051,CHEMBL3545311,CHEMBL3545360,CHEMBL3707227,CHEMBL3707320,CHEMBL464552,CHEMBL473773,CHEMBL509032,CHEMBL53463,CHEMBL601719,CHEMBL84,CHEMBL88,CHEMBL941"	"PF00013: KH domain; PF05641: Agenet domain; PF12235: Fragile X-related 1 protein core C terminal; PF16096: Fragile X-related 1 protein C-terminal region 2; PF16097: Fragile X-related 1 protein C-terminal region 3"	NA	"PF00629: MAM domain, meprin/A5/mu; PF07714: Protein tyrosine kinase; PF12810: Glycine rich protein"	NA	NA
" MS4A6A-BRAF"	" MS4A6A"	"BRAF"	NA	NA	NA	NA	NA	NA	NA	NA	NA	NA	NA	NA	"MTSQPVPNETIIVLPSNVINFSQAEKPEPTNQGQDSLKKHLHAEIKVIG
TIQILCGMMVLSLGIILASASFSPNFTQVTSTLLNSAYPFIGPFFFIISGSLSIATEKRL
TKLLVHSSLVGSILSALSALVGFIILSVKQATLNPASLQCELDKNNIPTRSYVSYFYHDS
LYTTDCYTAKASLAGTLSLMLICTLLEFCLAVLTAVLRWKQAYSDFPGKTLGRRDSSDDW
EIPDGQITVGQRIGSGSFGTVYKGKWHGDVAVKMLNVTAPTPQQLQAFKNEVGVLRKTRH
VNILLFMGYSTKPQLAIVTQWCEGSSLYHHLHIIETKFEMIKLIDIARQTAQGMDYLHAK
SIIHRDLKSNNIFLHEDLTVKIGDFGLATVKSRWSGSHQFEQLSGSILWMAPEVIRMQDK
NPYSFQSDVYAFGIVLYELMTGQLPYSNINNRDQIIFMVGRGYLSPDLSKVRSNCPKAMK
RLMAECLKKKRDERPLFPQILASIELLARSLPKIHRSASEPSLNRAGFQTEDFSLYACAS
PKTPIQAGGYGAFPVH
"	NA	NA	"TRUE"	"BRAF"	"FALSE"	NA	"TRUE"	"BRAF"	"AEW-541,AFATINIB,ALPELISIB,ARQ-092,ARQ-736,ATEZOLIZUMAB,AZD-6482,BEVACIZUMAB,BGB-283,BI-2536,BINIMETINIB,BUPARLISIB,CAPMATINIB,CEDIRANIB,CEP-32496,CETUXIMAB,CHEMBL1231206,CHEMBL217354,CHEMBL2204502,CHEMBL373011,CHEMBL458997,CHEMBL523411,CHEMBL525191,CHIR-265,CI-1040,COBIMETINIB,CRIZOTINIB,DABRAFENIB,DABRAFENIB MESYLATE,DACTOLISIB,DASATINIB,DOXORUBICIN,E-6201,ENCORAFENIB,ERLOTINIB,EVEROLIMUS,FLUOROURACIL,GANETESPIB,GEDATOLISIB,GEFITINIB,GSK-2636771,IDELALISIB,IMATINIB,INK-128,IRINOTECAN,LAPATINIB,LENVATINIB,LEUCOVORIN,LGX-806,LY-294002,LY-3009120,MK-2206,MLN-2480,NAVITOCLAX,NERATINIB,NIVOLUMAB,OBATOCLAX,OMIPALISIB,OXALIPLATIN,PA-799,PACLITAXEL,PALBOCICLIB,PANITUMUMAB,PANOBINOSTAT,PD-0325901,PEMBROLIZUMAB,PF-00477736,PF-04217903,PHENMETRAZINE,PICTILISIB,PILARALISIB (CHEMBL3218575),PIMASERTIB,PLX-3397,PLX-4720,PLX-8394,Refametinib,REGORAFENIB,RG-7256,Ribociclib,Ro-4987655,SAR-260301,SARACATINIB,SB590885,SELUMETINIB,SORAFENIB,SORAFENIB TOSYLATE,TAK-733,TEMSIROLIMUS,TIVOZANIB,TRAMETINIB,TRASTUZUMAB,TUBASTATIN A,UPROSERTIB,VEMURAFENIB,VENETOCLAX,VORINOSTAT,Voruciclib,XL-281,ZSTK-474"	"CHEMBL105442,CHEMBL1079175,CHEMBL1097999,CHEMBL1173655,CHEMBL1200485,CHEMBL1201182,CHEMBL1201208,CHEMBL1201577,CHEMBL1201583,CHEMBL1201585,CHEMBL1201827,CHEMBL1229517,CHEMBL1230020,CHEMBL1231206,CHEMBL1236962,CHEMBL1289494,CHEMBL1289601,CHEMBL1336,CHEMBL1421,CHEMBL1614701,CHEMBL1614766,CHEMBL1615025,CHEMBL1679,CHEMBL1684984,CHEMBL180022,CHEMBL185,CHEMBL1879463,CHEMBL189963,CHEMBL1908360,CHEMBL1946170,CHEMBL2001019,CHEMBL2017974,CHEMBL2018302,CHEMBL2028663,CHEMBL2029988,CHEMBL2103875,CHEMBL2103879,CHEMBL2105729,CHEMBL2107832,CHEMBL2108738,CHEMBL2138601,CHEMBL2146883,CHEMBL2165191,CHEMBL217092,CHEMBL217354,CHEMBL2204502,CHEMBL2216870,CHEMBL2396661,CHEMBL3137309,CHEMBL3137336,CHEMBL3137343,CHEMBL3187723,CHEMBL3188267,CHEMBL3188551,CHEMBL3218575,CHEMBL3301612,CHEMBL3348923,CHEMBL3545005,CHEMBL3545008,CHEMBL3545027,CHEMBL3545056,CHEMBL3545080,CHEMBL3545110,CHEMBL3545137,CHEMBL3545158,CHEMBL3545195,CHEMBL3545218,CHEMBL3545246,CHEMBL3545263,CHEMBL3545296,CHEMBL3545422,CHEMBL3707227,CHEMBL373011,CHEMBL408194,CHEMBL414804,CHEMBL428647,CHEMBL443684,CHEMBL458997,CHEMBL477989,CHEMBL481,CHEMBL483254,CHEMBL491473,CHEMBL507361,CHEMBL513909,CHEMBL521851,CHEMBL523411,CHEMBL525191,CHEMBL53463,CHEMBL551064,CHEMBL553,CHEMBL554,CHEMBL558752,CHEMBL586701,CHEMBL592445,CHEMBL601719,CHEMBL939,CHEMBL941,CHEMBL98,CHEMBL98350"	NA	NA	"PF00130: Phorbol esters/diacylglycerol binding domain (C1 domain); PF02196: Raf-like Ras-binding domain; PF07714: Protein tyrosine kinase"	NA	NA
"ANTXR1-BRAF"	"ANTXR1"	"BRAF"	NA	NA	NA	NA	NA	NA	NA	NA	NA	NA	NA	NA	"MATAERRALGIGFQWLSLATLVLICAGQGGRREDGGPACYGGFDLYFILDKSGSVLHHWN
EIYYFVEQLAHKFISPQLRMSFIVFSTRGTTLMKLTEDREQIRQGLEELQKVLPGGDTYM
HEGFERASEQIYYENRQGYRTASVIIALTDGELHEDLFFYSEREANRSRDLGAIVYCVGV
KDFNETQLARIADSKDHVFPVNDGFQALQGMATAERRALGIGFQWLSLATLVLICAGQGG
RREDGGPACYGGFDLYFILDKSGSVLHHWNEIYYFVEQLAHKFISPQLRMSFIVFSTRGT
TLMKLTEDREQIRQGLEELQKVLPGGDTYMHEGFERASEQIYYENRQGYRTASVIIALTD
GELHEDLFFYSEREANRSRDLGAIVYCVGVKDFNETQLARIADSKDHVFPVNDGFQALQG
IIHSILKKSCIEILAAEPSTICAGESFQVVVRGNGFRHARNVDRVLCSFKINDSVTLNEK
PFSVEDTYLLCPAPILKEVGMKAALQVSMNDGLSFISSSVIITTTHCSDGSILAIALLIL
FLLLALALLWWFWPLCCTVDLIRDQGFRGDGGSTTGLSATPPASLPGSLTNVKALQKSPG
PQRERKSSSSSEDRNRMKTLGRRDSSDDWEIPDGQITVGQRIGSGSFGTVYKGKWHGDVA
VKMLNVTAPTPQQLQAFKNEVGVLRKTRHVNILLFMGYSTKPQLAIVTQWCEGSSLYHHL
HIIETKFEMIKLIDIARQTAQGMDYLHAKSIIHRDLKSNNIFLHEDLTVKIGDFGLATVK
SRWSGSHQFEQLSGSILWMAPEVIRMQDKNPYSFQSDVYAFGIVLYELMTGQLPYSNINN
RDQIIFMVGRGYLSPDLSKVRSNCPKAMKRLMAECLKKKRDERPLFPQILASIELLARSL
PKIHRSASEPSLNRAGFQTEDFSLYACASPKTPIQAGGYGAFPVH

"	NA	NA	"TRUE"	"BRAF"	"FALSE"	NA	"TRUE"	"BRAF"	"AEW-541,AFATINIB,ALPELISIB,ARQ-092,ARQ-736,ATEZOLIZUMAB,AZD-6482,BEVACIZUMAB,BGB-283,BI-2536,BINIMETINIB,BUPARLISIB,CAPMATINIB,CEDIRANIB,CEP-32496,CETUXIMAB,CHEMBL1231206,CHEMBL217354,CHEMBL2204502,CHEMBL373011,CHEMBL458997,CHEMBL523411,CHEMBL525191,CHIR-265,CI-1040,COBIMETINIB,CRIZOTINIB,DABRAFENIB,DABRAFENIB MESYLATE,DACTOLISIB,DASATINIB,DOXORUBICIN,E-6201,ENCORAFENIB,ERLOTINIB,EVEROLIMUS,FLUOROURACIL,GANETESPIB,GEDATOLISIB,GEFITINIB,GSK-2636771,IDELALISIB,IMATINIB,INK-128,IRINOTECAN,LAPATINIB,LENVATINIB,LEUCOVORIN,LGX-806,LY-294002,LY-3009120,MK-2206,MLN-2480,NAVITOCLAX,NERATINIB,NIVOLUMAB,OBATOCLAX,OMIPALISIB,OXALIPLATIN,PA-799,PACLITAXEL,PALBOCICLIB,PANITUMUMAB,PANOBINOSTAT,PD-0325901,PEMBROLIZUMAB,PF-00477736,PF-04217903,PHENMETRAZINE,PICTILISIB,PILARALISIB (CHEMBL3218575),PIMASERTIB,PLX-3397,PLX-4720,PLX-8394,Refametinib,REGORAFENIB,RG-7256,Ribociclib,Ro-4987655,SAR-260301,SARACATINIB,SB590885,SELUMETINIB,SORAFENIB,SORAFENIB TOSYLATE,TAK-733,TEMSIROLIMUS,TIVOZANIB,TRAMETINIB,TRASTUZUMAB,TUBASTATIN A,UPROSERTIB,VEMURAFENIB,VENETOCLAX,VORINOSTAT,Voruciclib,XL-281,ZSTK-474"	"CHEMBL105442,CHEMBL1079175,CHEMBL1097999,CHEMBL1173655,CHEMBL1200485,CHEMBL1201182,CHEMBL1201208,CHEMBL1201577,CHEMBL1201583,CHEMBL1201585,CHEMBL1201827,CHEMBL1229517,CHEMBL1230020,CHEMBL1231206,CHEMBL1236962,CHEMBL1289494,CHEMBL1289601,CHEMBL1336,CHEMBL1421,CHEMBL1614701,CHEMBL1614766,CHEMBL1615025,CHEMBL1679,CHEMBL1684984,CHEMBL180022,CHEMBL185,CHEMBL1879463,CHEMBL189963,CHEMBL1908360,CHEMBL1946170,CHEMBL2001019,CHEMBL2017974,CHEMBL2018302,CHEMBL2028663,CHEMBL2029988,CHEMBL2103875,CHEMBL2103879,CHEMBL2105729,CHEMBL2107832,CHEMBL2108738,CHEMBL2138601,CHEMBL2146883,CHEMBL2165191,CHEMBL217092,CHEMBL217354,CHEMBL2204502,CHEMBL2216870,CHEMBL2396661,CHEMBL3137309,CHEMBL3137336,CHEMBL3137343,CHEMBL3187723,CHEMBL3188267,CHEMBL3188551,CHEMBL3218575,CHEMBL3301612,CHEMBL3348923,CHEMBL3545005,CHEMBL3545008,CHEMBL3545027,CHEMBL3545056,CHEMBL3545080,CHEMBL3545110,CHEMBL3545137,CHEMBL3545158,CHEMBL3545195,CHEMBL3545218,CHEMBL3545246,CHEMBL3545263,CHEMBL3545296,CHEMBL3545422,CHEMBL3707227,CHEMBL373011,CHEMBL408194,CHEMBL414804,CHEMBL428647,CHEMBL443684,CHEMBL458997,CHEMBL477989,CHEMBL481,CHEMBL483254,CHEMBL491473,CHEMBL507361,CHEMBL513909,CHEMBL521851,CHEMBL523411,CHEMBL525191,CHEMBL53463,CHEMBL551064,CHEMBL553,CHEMBL554,CHEMBL558752,CHEMBL586701,CHEMBL592445,CHEMBL601719,CHEMBL939,CHEMBL941,CHEMBL98,CHEMBL98350"	"PF00092: von Willebrand factor type A domain; PF05586: Anthrax receptor C-terminus region; PF05587: Anthrax receptor extracellular domain"	NA	"PF00130: Phorbol esters/diacylglycerol binding domain (C1 domain); PF02196: Raf-like Ras-binding domain; PF07714: Protein tyrosine kinase"	NA	NA
"GTF2I-BRAF"	"GTF2I"	"BRAF"	NA	NA	NA	NA	NA	NA	NA	NA	NA	NA	NA	NA	"MAQVAMSTLPVEDEESSESRMVVTFLMSALESMCKELAKSKAEVACIAV
YETDVFVVGTERGRAFVNTRKDFQKDFVKYCVEEEEKAAEMHKMKSTTQANRMSVDAVEI
ETLRKTVEDYFCFCYGKALGKSTVVPVPYEKMLRDQSAVVVQGLPEGVAFKHPENYDLAT
LKWILENKAGISFIIKRPFLEPKKHVGGRVMVTDADRSILSPGGSCGPIKVKTEPTEDSG
STTGLSATPPASLPGSLTNVKALQKSPGPQRERKSSSSSEDRNRMKTLGRRDSSDDWEIP
DGQITVGQRIGSGSFGTVYKGKWHGDVAVKMLNVTAPTPQQLQAFKNEVGVLRKTRHVNI
LLFMGYSTKPQLAIVTQWCEGSSLYHHLHIIETKFEMIKLIDIARQTAQGMDYLHAKSII
HRDLKSNNIFLHEDLTVKIGDFGLATVKSRWSGSHQFEQLSGSILWMAPEVIRMQDKNPY
SFQSDVYAFGIVLYELMTGQLPYSNINNRDQIIFMVGRGYLSPDLSKVRSNCPKAMKRLM
AECLKKKRDERPLFPQILASIELLARSLPKIHRSASEPSLNRAGFQTEDFSLYACASPKT
PIQAGGYGAFPVH"	NA	NA	"TRUE"	"GTF2I,BRAF"	"FALSE"	NA	"TRUE"	"BRAF"	"AEW-541,AFATINIB,ALPELISIB,ARQ-092,ARQ-736,ATEZOLIZUMAB,AZD-6482,BEVACIZUMAB,BGB-283,BI-2536,BINIMETINIB,BUPARLISIB,CAPMATINIB,CEDIRANIB,CEP-32496,CETUXIMAB,CHEMBL1231206,CHEMBL217354,CHEMBL2204502,CHEMBL373011,CHEMBL458997,CHEMBL523411,CHEMBL525191,CHIR-265,CI-1040,COBIMETINIB,CRIZOTINIB,DABRAFENIB,DABRAFENIB MESYLATE,DACTOLISIB,DASATINIB,DOXORUBICIN,E-6201,ENCORAFENIB,ERLOTINIB,EVEROLIMUS,FLUOROURACIL,GANETESPIB,GEDATOLISIB,GEFITINIB,GSK-2636771,IDELALISIB,IMATINIB,INK-128,IRINOTECAN,LAPATINIB,LENVATINIB,LEUCOVORIN,LGX-806,LY-294002,LY-3009120,MK-2206,MLN-2480,NAVITOCLAX,NERATINIB,NIVOLUMAB,OBATOCLAX,OMIPALISIB,OXALIPLATIN,PA-799,PACLITAXEL,PALBOCICLIB,PANITUMUMAB,PANOBINOSTAT,PD-0325901,PEMBROLIZUMAB,PF-00477736,PF-04217903,PHENMETRAZINE,PICTILISIB,PILARALISIB (CHEMBL3218575),PIMASERTIB,PLX-3397,PLX-4720,PLX-8394,Refametinib,REGORAFENIB,RG-7256,Ribociclib,Ro-4987655,SAR-260301,SARACATINIB,SB590885,SELUMETINIB,SORAFENIB,SORAFENIB TOSYLATE,TAK-733,TEMSIROLIMUS,TIVOZANIB,TRAMETINIB,TRASTUZUMAB,TUBASTATIN A,UPROSERTIB,VEMURAFENIB,VENETOCLAX,VORINOSTAT,Voruciclib,XL-281,ZSTK-474"	"CHEMBL105442,CHEMBL1079175,CHEMBL1097999,CHEMBL1173655,CHEMBL1200485,CHEMBL1201182,CHEMBL1201208,CHEMBL1201577,CHEMBL1201583,CHEMBL1201585,CHEMBL1201827,CHEMBL1229517,CHEMBL1230020,CHEMBL1231206,CHEMBL1236962,CHEMBL1289494,CHEMBL1289601,CHEMBL1336,CHEMBL1421,CHEMBL1614701,CHEMBL1614766,CHEMBL1615025,CHEMBL1679,CHEMBL1684984,CHEMBL180022,CHEMBL185,CHEMBL1879463,CHEMBL189963,CHEMBL1908360,CHEMBL1946170,CHEMBL2001019,CHEMBL2017974,CHEMBL2018302,CHEMBL2028663,CHEMBL2029988,CHEMBL2103875,CHEMBL2103879,CHEMBL2105729,CHEMBL2107832,CHEMBL2108738,CHEMBL2138601,CHEMBL2146883,CHEMBL2165191,CHEMBL217092,CHEMBL217354,CHEMBL2204502,CHEMBL2216870,CHEMBL2396661,CHEMBL3137309,CHEMBL3137336,CHEMBL3137343,CHEMBL3187723,CHEMBL3188267,CHEMBL3188551,CHEMBL3218575,CHEMBL3301612,CHEMBL3348923,CHEMBL3545005,CHEMBL3545008,CHEMBL3545027,CHEMBL3545056,CHEMBL3545080,CHEMBL3545110,CHEMBL3545137,CHEMBL3545158,CHEMBL3545195,CHEMBL3545218,CHEMBL3545246,CHEMBL3545263,CHEMBL3545296,CHEMBL3545422,CHEMBL3707227,CHEMBL373011,CHEMBL408194,CHEMBL414804,CHEMBL428647,CHEMBL443684,CHEMBL458997,CHEMBL477989,CHEMBL481,CHEMBL483254,CHEMBL491473,CHEMBL507361,CHEMBL513909,CHEMBL521851,CHEMBL523411,CHEMBL525191,CHEMBL53463,CHEMBL551064,CHEMBL553,CHEMBL554,CHEMBL558752,CHEMBL586701,CHEMBL592445,CHEMBL601719,CHEMBL939,CHEMBL941,CHEMBL98,CHEMBL98350"	"PF02946: GTF2I-like repeat"	NA	"PF00130: Phorbol esters/diacylglycerol binding domain (C1 domain); PF02196: Raf-like Ras-binding domain; PF07714: Protein tyrosine kinase"	NA	NA
"MTAP-BRAF"	"MTAP"	"BRAF"	NA	NA	NA	NA	NA	NA	NA	NA	NA	NA	NA	NA	NA	NA	NA	"TRUE"	"MTAP,BRAF"	"FALSE"	NA	"TRUE"	"MTAP,BRAF"	"L-EFLORNITHINE,LALANOSINE,AEW-541,AFATINIB,ALPELISIB,ARQ-092,ARQ-736,ATEZOLIZUMAB,AZD-6482,BEVACIZUMAB,BGB-283,BI-2536,BINIMETINIB,BUPARLISIB,CAPMATINIB,CEDIRANIB,CEP-32496,CETUXIMAB,CHEMBL1231206,CHEMBL217354,CHEMBL2204502,CHEMBL373011,CHEMBL458997,CHEMBL523411,CHEMBL525191,CHIR-265,CI-1040,COBIMETINIB,CRIZOTINIB,DABRAFENIB,DABRAFENIB MESYLATE,DACTOLISIB,DASATINIB,DOXORUBICIN,E-6201,ENCORAFENIB,ERLOTINIB,EVEROLIMUS,FLUOROURACIL,GANETESPIB,GEDATOLISIB,GEFITINIB,GSK-2636771,IDELALISIB,IMATINIB,INK-128,IRINOTECAN,LAPATINIB,LENVATINIB,LEUCOVORIN,LGX-806,LY-294002,LY-3009120,MK-2206,MLN-2480,NAVITOCLAX,NERATINIB,NIVOLUMAB,OBATOCLAX,OMIPALISIB,OXALIPLATIN,PA-799,PACLITAXEL,PALBOCICLIB,PANITUMUMAB,PANOBINOSTAT,PD-0325901,PEMBROLIZUMAB,PF-00477736,PF-04217903,PHENMETRAZINE,PICTILISIB,PILARALISIB (CHEMBL3218575),PIMASERTIB,PLX-3397,PLX-4720,PLX-8394,Refametinib,REGORAFENIB,RG-7256,Ribociclib,Ro-4987655,SAR-260301,SARACATINIB,SB590885,SELUMETINIB,SORAFENIB,SORAFENIB TOSYLATE,TAK-733,TEMSIROLIMUS,TIVOZANIB,TRAMETINIB,TRASTUZUMAB,TUBASTATIN A,UPROSERTIB,VEMURAFENIB,VENETOCLAX,VORINOSTAT,Voruciclib,XL-281,ZSTK-474"	"CHEMBL222838,CHEMBL24530,CHEMBL105442,CHEMBL1079175,CHEMBL1097999,CHEMBL1173655,CHEMBL1200485,CHEMBL1201182,CHEMBL1201208,CHEMBL1201577,CHEMBL1201583,CHEMBL1201585,CHEMBL1201827,CHEMBL1229517,CHEMBL1230020,CHEMBL1231206,CHEMBL1236962,CHEMBL1289494,CHEMBL1289601,CHEMBL1336,CHEMBL1421,CHEMBL1614701,CHEMBL1614766,CHEMBL1615025,CHEMBL1679,CHEMBL1684984,CHEMBL180022,CHEMBL185,CHEMBL1879463,CHEMBL189963,CHEMBL1908360,CHEMBL1946170,CHEMBL2001019,CHEMBL2017974,CHEMBL2018302,CHEMBL2028663,CHEMBL2029988,CHEMBL2103875,CHEMBL2103879,CHEMBL2105729,CHEMBL2107832,CHEMBL2108738,CHEMBL2138601,CHEMBL2146883,CHEMBL2165191,CHEMBL217092,CHEMBL217354,CHEMBL2204502,CHEMBL2216870,CHEMBL2396661,CHEMBL3137309,CHEMBL3137336,CHEMBL3137343,CHEMBL3187723,CHEMBL3188267,CHEMBL3188551,CHEMBL3218575,CHEMBL3301612,CHEMBL3348923,CHEMBL3545005,CHEMBL3545008,CHEMBL3545027,CHEMBL3545056,CHEMBL3545080,CHEMBL3545110,CHEMBL3545137,CHEMBL3545158,CHEMBL3545195,CHEMBL3545218,CHEMBL3545246,CHEMBL3545263,CHEMBL3545296,CHEMBL3545422,CHEMBL3707227,CHEMBL373011,CHEMBL408194,CHEMBL414804,CHEMBL428647,CHEMBL443684,CHEMBL458997,CHEMBL477989,CHEMBL481,CHEMBL483254,CHEMBL491473,CHEMBL507361,CHEMBL513909,CHEMBL521851,CHEMBL523411,CHEMBL525191,CHEMBL53463,CHEMBL551064,CHEMBL553,CHEMBL554,CHEMBL558752,CHEMBL586701,CHEMBL592445,CHEMBL601719,CHEMBL939,CHEMBL941,CHEMBL98,CHEMBL98350"	"PF01048: Phosphorylase superfamily"	NA	"PF00130: Phorbol esters/diacylglycerol binding domain (C1 domain); PF02196: Raf-like Ras-binding domain; PF07714: Protein tyrosine kinase"	NA	NA
"EWSR1-CREB3L3"	"EWSR1"	"CREB3L3"	NA	NA	NA	NA	NA	NA	NA	NA	NA	NA	NA	NA	NA	NA	NA	"TRUE"	"EWSR1,CREB3L3"	"FALSE"	NA	"FALSE"	NA	NA	NA	"PF00076: RNA recognition motif. (a.k.a. RRM, RBD, or RNP domain); PF00641: Zn-finger in Ran binding protein and others"	NA	"PF00170: bZIP transcription factor"	NA	NA
"FGFR2-CTNNA3"	"FGFR2"	"CTNNA3"	NA	NA	NA	NA	NA	NA	NA	NA	NA	NA	NA	NA	"MVSWGRFICLVVVTMATLSLARPSFSLVEDTTLEPEEPPTKYQISQPEVYVAAPGESLEV
RCLLKDAAVISWTKDGVHLGPNNRTVLIGEYLQIKGATPRDSGLYACTASRTVDSETWYF
MVNVTDAISSGDDEDDTDGAEDFVSENSNNKRAPYWTNTEKMEKRLHAVPAANTVKFRCP
AGGNPMPTMRWLKNGKEFKQEHRIGGYKVRNQHWSLIMESVVPSDKGNYTCVVENEYGSI
NHTYHLDVVERSPHRPILQAGLPANASTVVGGDVEFVCKVYSDAQPHIQWIKHVEKNGSK
YGPDGLPYLKVLKAAGVNTTDKEIEVLYIRNVTFEDAGEYTCLAGNSIGISFHSAWLTVL
PAPGREKEITASPDYLEIAIYCIGVFLIACMVVTVILCRMKNTTKKPDFSSQPAVHKLTK
RIPLRRQVTVSAESSSSMNSNTPLVRITTRLSSTADTPMLAGVSEYELPEDPKWEFPRDK
LTLGKPLGEGCFGQVVMAEAVGIDKDKPKEAVTVAVKMLKDDATEKDLSDLVSEMEMMKM
IGKHKNIINLLGACTQDGPLYVIVEYASKGNLREYLRARRPPGMEYSYDINRVPEEQMTF
KDLVSCTYQLARGMEYLASQKCIHRDLAARNVLVTENNVMKIADFGLARDINNIDYYKKT
TNGRLPVKWMAPEALFDRVYTHQSDVWSFGVLMWEIFTLGGSPYPGIPVEELFKLLKEGH
RMDKPANCTNELYMMMRDCWHAVPSQRPTFKQLVEDLDRILTLTTNEVANLACSMSTNED
GIKIVKIAANHLETLCPQIINAALALAARPKSQAVKNTMEMYKRTWENHIHVLTEAVDDI
TSIDDFLAVSESHILEDVNKCIIALRDQDADNLDRAAGAIRGRAARVAHIVTGEMDSYEP
GAYTEGVMRNVNFLTSTVIPEFVTQVNVALEALSKSSLNVLDDNQFVDISKKIYDTIHDI
RCSVMMIRTPEELEDVSDLEEEHEVRSHTSIQTEGKTDRAKMTQLPEAEKEKIAEQVADF
KKVKSKLDAEIEIWDDTSNDIIVLAKNMCMIMMEMTDFTRGKGPLKHTTDVIYAAKMISE
SGSRMDVLARQIANQCPDPSCKQDLLAYLEQIKFYSHQLKICSQVKAEIQNLGGELIMSA
LDSVTSLIQAAKNLMNAVVQTVKMSYIASTKIIRIQSPAGPRHPVVMWRMKAPAKKPLIK
REKPEETCAAVRRGSAKKKIHPLQVMSEFRGRQIY
"	NA	NA	"TRUE"	"FGFR2"	"FALSE"	NA	"TRUE"	"FGFR2"	"AEE-788,ALPELISIB,ARQ-087,AZD-4547,BAY-1163877,BRIVANIB,BRIVANIB ALANINATE,BUPARLISIB,CEDIRANIB,CETUXIMAB,CP-459632,DOVITINIB,ENMD-2076,ENMD-981693,GEFITINIB,INFIGRATINIB,INTERFERON ALFA-2A,JNJ-42756493,LAPATINIB,LENVATINIB,LUCITANIB,LY-2874455,MASITINIB,MK-2461,NINTEDANIB,NINTEDANIB ESYLATE,ORANTINIB,PALIFERMIN,PAZOPANIB,PD-173074,PENTOSAN POLYSULFATE SODIUM,PHA-665752,PICTILISIB,PONATINIB,REGORAFENIB,RG-1530,Ro-4987655,SELUMETINIB,SUNITINIB,TG100-801,THALIDOMIDE,TRABECTEDIN,TRAFERMIN,TRAMETINIB,XL-228,XL-999"	"CHEMBL1171837,CHEMBL1201516,CHEMBL1201577,CHEMBL1201821,CHEMBL1224207,CHEMBL1289601,CHEMBL1614701,CHEMBL1614766,CHEMBL1822792,CHEMBL1852688,CHEMBL189584,CHEMBL1908391,CHEMBL1946170,CHEMBL1980391,CHEMBL2017974,CHEMBL2103875,CHEMBL2108081,CHEMBL2108508,CHEMBL2220486,CHEMBL2396661,CHEMBL270995,CHEMBL274654,CHEMBL3039504,CHEMBL3184679,CHEMBL3545085,CHEMBL3545264,CHEMBL3545285,CHEMBL3545300,CHEMBL3545361,CHEMBL3545376,CHEMBL3545421,CHEMBL377300,CHEMBL403989,CHEMBL450786,CHEMBL468,CHEMBL477772,CHEMBL482968,CHEMBL491473,CHEMBL502835,CHEMBL521851,CHEMBL522892,CHEMBL52885,CHEMBL535,CHEMBL554,CHEMBL587723,CHEMBL939"	"PF07679: Immunoglobulin I-set domain; PF07714: Protein tyrosine kinase; PF13927: Immunoglobulin domain"	NA	"PF01044: Vinculin family"	NA	NA
"FGFR2-INA"	"FGFR2"	"INA"	NA	NA	NA	NA	NA	NA	NA	NA	NA	NA	NA	NA	NA	NA	NA	"TRUE"	"FGFR2"	"FALSE"	NA	"TRUE"	"FGFR2"	"AEE-788,ALPELISIB,ARQ-087,AZD-4547,BAY-1163877,BRIVANIB,BRIVANIB ALANINATE,BUPARLISIB,CEDIRANIB,CETUXIMAB,CP-459632,DOVITINIB,ENMD-2076,ENMD-981693,GEFITINIB,INFIGRATINIB,INTERFERON ALFA-2A,JNJ-42756493,LAPATINIB,LENVATINIB,LUCITANIB,LY-2874455,MASITINIB,MK-2461,NINTEDANIB,NINTEDANIB ESYLATE,ORANTINIB,PALIFERMIN,PAZOPANIB,PD-173074,PENTOSAN POLYSULFATE SODIUM,PHA-665752,PICTILISIB,PONATINIB,REGORAFENIB,RG-1530,Ro-4987655,SELUMETINIB,SUNITINIB,TG100-801,THALIDOMIDE,TRABECTEDIN,TRAFERMIN,TRAMETINIB,XL-228,XL-999"	"CHEMBL1171837,CHEMBL1201516,CHEMBL1201577,CHEMBL1201821,CHEMBL1224207,CHEMBL1289601,CHEMBL1614701,CHEMBL1614766,CHEMBL1822792,CHEMBL1852688,CHEMBL189584,CHEMBL1908391,CHEMBL1946170,CHEMBL1980391,CHEMBL2017974,CHEMBL2103875,CHEMBL2108081,CHEMBL2108508,CHEMBL2220486,CHEMBL2396661,CHEMBL270995,CHEMBL274654,CHEMBL3039504,CHEMBL3184679,CHEMBL3545085,CHEMBL3545264,CHEMBL3545285,CHEMBL3545300,CHEMBL3545361,CHEMBL3545376,CHEMBL3545421,CHEMBL377300,CHEMBL403989,CHEMBL450786,CHEMBL468,CHEMBL477772,CHEMBL482968,CHEMBL491473,CHEMBL502835,CHEMBL521851,CHEMBL522892,CHEMBL52885,CHEMBL535,CHEMBL554,CHEMBL587723,CHEMBL939"	"PF07679: Immunoglobulin I-set domain; PF07714: Protein tyrosine kinase; PF13927: Immunoglobulin domain"	NA	"PF00038: Intermediate filament protein; PF04732: Intermediate filament head (DNA binding) region"	NA	NA
"BRD4-LEUTX"	"BRD4"	"LEUTX"	NA	NA	NA	NA	NA	NA	NA	NA	NA	NA	NA	NA	"MSAESGPGTRLRNLPVMGDGLETSQMSTTQAQAQPQPANAASTNPPPPETSNPNKPKRQT
NQLQYLLRVVLKTLWKHQFAWPFQQPVDAVKLNLPDYYKIIKTPMDMGTIKKRLENNYYW
NAQECIQDFNTMFTNCYIYNKPGDDIVLMAEALEKLFLQKINELPTEETEIMIVQAKGRG
RGRKETGTAKPGVSTVPNTTQASTPPQTQTPQPNPPPVQATPHPFPAVTPDLIVQTPVMT
VVPPQPLQTPPPVPPQPQPPPAPAPQPVQSHPPIIAATPQPVKTKKGVKRKADTTTPTTI
DPIHEPPSLPPEPKTTKLGQRRESSRPVKPPKKDVPDSQQHPAPEKSSKVSEQLKCCSGI
LKEMFAKKHAAYAWPFYKPVDVEALGLHDYCDIIKHPMDMSTIKSKLEAREYRDAQEFGA
DVRLMFSNCYKYNPPDHEVVAMARKLQDVFEMRFAKMPDEPEEPVVAVSSPAVPPPTKVV
APPSSSDSSSDSSSDSDSSTDDSEEERAQRLAELQEQLKAVHEQLAALSQPQQNKPKKKE
KDKKEKKKEKHKRKEEVEENKKSKAKEPPPKKTKKNNSSNSNVSKKEPAPMKSKPPPTYE
SEEEDKCKPMSYEEKRQLSLDINKLPGEKLGRVVHIIQSREPSLKNSNPDEIEIDFETLK
PSTLRELERYVTSCLRKKRKPQAEKVDVIAGSSKMKGFSSSESESSSESSSSDSEDSETE
GPRRYRRPRTRFLSKQLTALRELLEKTMHPSLATMGKLASKLQLDLSVVKIWFKNQRAKW
KRQQRQQMQTRPSLGPANQTTSVKKEETPSAITTANIRPVSPGISDANDHDLREPSGIKN
PGGASASARVSSWDSQSYDIEQICLGASNPPWASTLFEIDEFVKIYDLPGEDDTSSLNQYLFPVCLEYDQLQSSV
"	NA	NA	"TRUE"	"BRD4"	"FALSE"	NA	"TRUE"	"BRD4"	"APABETALONE,BI-2536,CHEMBL1232461,CHEMBL1828986,CHEMBL1958337,CHEMBL2017291,CHEMBL2153434,CHEMBL2179387,CHEMBL2335153,CHEMBL2431090,CHEMBL3086883,CHEMBL3220860,CHLORMEZANONE,DOCETAXEL,FEDRATINIB,LY-294002,STAVUDINE,TRICHOSTATIN"	"CHEMBL1200714,CHEMBL1232461,CHEMBL1287853,CHEMBL1828986,CHEMBL1958337,CHEMBL2017291,CHEMBL2153434,CHEMBL2179387,CHEMBL2335153,CHEMBL2393130,CHEMBL2431090,CHEMBL3086883,CHEMBL3220860,CHEMBL513909,CHEMBL92,CHEMBL98350,CHEMBL99,CHEMBL991"	"PF00439: Bromodomain; PF17035: Bromodomain extra-terminal - transcription regulation; PF17105: C-terminal domain of bromodomain protein 4"	NA	"PF00046: Homeobox domain"	NA	NA
"KAT6A-NCOA2"	"KAT6A"	"NCOA2"	NA	NA	NA	NA	NA	NA	NA	NA	NA	NA	NA	NA	"MVKLANPLYTEWILEAIKKVKKQKQRPSEERICNAVSSSHGLDRKTVLE
QLELSVKDGTILKVSNKGLNSYKDPDNPGRIALPKPRNHGKLDNKQNVDWNKLIKRAVEG
LAESGGSTLKSIERFLKGQKDVSALFGGSAASGFHQQLRLAIKRAIGHGRLLKDGPLYRL
NTKATNVDGKESCESLSCLPPVSLLPHEKDKPVAEPIPICSFCLGTKEQNREKKPEELIS
CADCGNSGHPSCLKFSPELTVRVKALRWQCIECKTCSSCRDQGKNADNMLFCDSCDRGFH
MECCDPPLTRMPKGMWICQICRPRKKGRKLLQKKAAQIKRRYTNPIGRPKNRLKKQNTVS
KGPFSKVRTGPGRGRKRKITLSSQSASSSSEEGYLERIDGLDFCRDSNVSLKFNKKTKGL
IDGLTKFFTPSPDGRKARGEVVDYSEQYRIRKRGNRKSSTSDWPTDNQDGWDGKQENEER
LFGSQEIMTEKDMELFRDIQEQALQKVGVTGPPDPQVRCPSVIEFGKYEIHTWYSSPYPQ
EYSRLPKLYLCEFCLKYMKSRTILQQHMKKCGWFHPPANEIYRKNNISVFEVDGNVSTIY
CQNLCLLAKLFLDHKTLYYDVEPFLFYVLTQNDVKGCHLVGYFSKEKHCQQKYNVSCIMI
LPQYQRKGYGRFLIDFSYLLSKREGQAGSPEKPLSDLGRLSYMAYWKSVILECLYHQNDK
QISIKKLSKLTGICPQDITSTLHHLRMLDFRSDQFVIIRREKLIQDHMAKLQLNLRPVDV
DPECLRWTPVIVSNSVVSEEEEEEAEEGENEEPQCQERELEISVGKSVSHENKEQDSYSV
ESEKKPEVMAPVSSTRLSKQVLPHDSLPANSQPSRRGRWGRKNRKTQERFGDKDSKLLLE
ETSSAPQEQYGECGEKSEATQEQYTESEEQLVASEEQPSQDGKPDLPKRRLSEGVEPWRG
QLKKSPEALKCRLTEGSERLPRRYSEGDRAVLRGFSESSEEEEEPESPRSSSPPILTKPT
LKRKPGSELDNLEEILDDLQNSQLPQLFPDTRPGAPAGSVDKQAIINDLMQLTAENSPVT
PVGAQKTALRISQSTFNNPRPGQLGRLLPNQNLPLDITLQSPTGAGPFPPIRNSSPYSVI
PQPGMMGNQGMIGNQGNLGNSSTGMIGNSASRPTMPSGEWAPQSSAVRVTCAATTSAMNR
PVQGGMIRNPAASIPMRPSSQPGQRQTLQSQVMNIGPSELEMNMGGPQYSQQQAPPNQTA
PWPESILPIDQASFASQNRQPFGSSPDDLLCPHPAAESPSDEGALLDQLYLALRNFDGLE
EIDRALGIPELVSQSQAVDPEQFSSQDSNIMLEQKAPVFPQQYASQAQMAQGSYSPMQDP
NFHTMGQRPSYATLRMQPRPGLRPTGLVQNQPNQLRLQLQHRLQAQQNRQPLMNQISNVS
NVNLTLRPGVPTQAPINAQMLAQRQREILNQHLRQRQMHQQQQVQQRTLMMRGQGLNMTP
SMVAPSGMPATMSNPRIPQANAQQFPFPPNYGISQQPDPGFTGATTPQSPLMSPRMAHTQ
SPMMQQSQANPAYQAPSDINGWAQGNMGGNSMFSQQSPPHFGQQANTSMYSNNMNINVSM
ATNTGGMSSMNQMTGQISMTSVTSVPTSGLSSMGPEQVNDPALRGGNLFPNQLPGMDMIK
QEGDTTRKYC


"	NA	NA	"TRUE"	"KAT6A,NCOA2"	"TRUE"	"KAT6A--NCOA2"	"FALSE"	NA	NA	NA	"PF00628: PHD-finger; PF01853: MOZ/SAS family"	NA	"PF00989: PAS fold; PF07469: Domain of unknown function (DUF1518); PF08815: Nuclear receptor coactivator; PF08832: Steroid receptor coactivator; PF14598: PAS domain; PF16279: Domain of unknown function (DUF4927); PF16665: Unstructured region on nuclear receptor coactivator protein"	NA	NA
"KANK1-NTRK2"	"KANK1"	"NTRK2"	NA	NA	NA	NA	NA	NA	NA	NA	NA	NA	NA	NA	"MAHTTKVNGSASGKAGDILSGDQDKEQKDPYFVETPYGYQLDLDFLKYV
DDIQKGNTIKRLNIQKRRKPSVPCPEPRTTSGQQGIWTSTESLSSSNSDDNKQCPNFLIA
RSQVTSTPISKPPPPLETSLPFLTIPENRQLPPPSPQLPKHNLHVTKTLMETRRRLEQER
ATMQMTPGEFRRPRLASFGGMGTTSSLPSFVGSGNHNPAKHQLQNGYQGNGDYGSYAPAA
PTTSSMGSSIRHSPLSSGISTPVTNVSPMHLQHIREQMAIALKRLKELEEQVRTIPVLQV
KISVLQEEKRQLVSQLKNQRAASQINVCGVRKRSYSAGNASQLEQLSRARRSGGELYIDY
EEEEMETVEQSTQRIKEFRQLTADMQALEQKIQDSSCEASSELRENGECRSVAVGAEENM
NDIVVYHRGSRSCKDAAVGTLVEMRNCGVSVTEAMLGVMTEADKEIELQQQTIESLKEKI
YRLEVQLRETTHDREMTKLKQELQAAGSRKKVDKATMAQPLVFSKVVEAVVQTRDQMVGS
HMDLVDTCVGTSVETNSVGISCQPECKNKVVGPELPMNWWIVKERVEMHDRCAGRSVEMC
DKSVSVEVSVCETGSNTEESVNDLTLLKTNLNLKEVRSIGCGDCSVDVTVCSPKECASRG
VNTEAVSQVEAAVMAVPRTADQDTSTDLEQVHQFTNTETATLIESCTNTCLSTLDKQTST
QTVETRTVAVGEGRVKDINSSTKTRSIGVGTLLSGHSGFDRPSAVKTKESGVGQININDN
YLVGLKMRTIACGPPQLTVGLTASRRSVGVGDDPVGESLENPQPQAPLGMMTGLDHYIER
IQKLLAEQQTLLAENYSELAEAFGEPHSQMGSLNSQLISTLSSINSVMKSASTEELRNPD
FQKTSLGKITGANPNYPDVIYEDYGTAANDIGDTTNRSNEIPSTDVTDKTGREHLSVYAV
VVIASVVGFCLLVMLFLLKLARHSKFGMKDFSWFGFGKVKSRQGVGPASVISNDDDSASP
LHHISNGSNTPSSSEGGPDAVIIGMTKIPVIENPQYFGITNSQLKPDTFVQHIKRHNIVL
KRELGEGAFGKVFLAECYNLCPEQDKILVAVKTLKDASDNARKDFHREAELLTNLQHEHI
VKFYGVCVEGDPLIMVFEYMKHGDLNKFLRAHGPDAVLMAEGNPPTELTQSQMLHIAQQI
AAGMVYLASQHFVHRDLATRNCLVGENLLVKIGDFGMSRDVYSTDYYRVGGHTMLPIRWM
PPESIMYRKFTTESDVWSLGVVLWEIFTYGKQPWYQLSNNEVIECITQGRVLQRPRTCPQ
EVYELMLGCWQREPHMRKNIKGIHTLLQNLAKASPVYLDILG
"	NA	NA	"TRUE"	"NTRK2"	"FALSE"	NA	"TRUE"	"NTRK2"	"ALTIRATINIB,AZD-6918,AZD-7451,CEP-11981,CEP-2563,CHEMBL2007421,CORTICOTROPIN,CYCLOSPORINE,DITIOCARB,DOXORUBICIN,ENTRECTINIB,LESTAURTINIB,LITHIUM,LOXO-101,MK-2461,PILOCARPINE,PLX-7486"	"CHEMBL1201610,CHEMBL160,CHEMBL1822792,CHEMBL1983268,CHEMBL2007421,CHEMBL2010872,CHEMBL2146126,CHEMBL3545075,CHEMBL3545179,CHEMBL3545298,CHEMBL3545332,CHEMBL3545365,CHEMBL3545381,CHEMBL53463,CHEMBL550,CHEMBL603469,CHEMBL961"	"PF12075: KN motif; PF12796: Ankyrin repeats (3 copies)"	NA	"PF01462: Leucine rich repeat N-terminal domain; PF07679: Immunoglobulin I-set domain; PF07714: Protein tyrosine kinase; PF13855: Leucine rich repeat; PF16920: Tyrosine-protein kinase receptor C2 Ig-like domain"	NA	NA
"RBPMS-NTRK3"	"RBPMS"	"NTRK3"	NA	NA	NA	NA	NA	NA	NA	NA	NA	NA	NA	NA	NA	NA	NA	"TRUE"	"NTRK3"	"TRUE"	"RBPMS--NTRK3"	"TRUE"	"NTRK3"	"ALTIRATINIB,AZD-6918,AZD-7451,CEP-2563,CHEMBL2007421,ENTRECTINIB,LESTAURTINIB,LOXO-101,MIDOSTAURIN,PLX-3397,PLX-7486,RADICICOL,THYROXINE"	"CHEMBL1983268,CHEMBL2007421,CHEMBL3545075,CHEMBL3545158,CHEMBL3545179,CHEMBL3545298,CHEMBL3545332,CHEMBL3545365,CHEMBL3545381,CHEMBL414883,CHEMBL42115,CHEMBL603469,CHEMBL608533"	"PF00076: RNA recognition motif. (a.k.a. RRM, RBD, or RNP domain)"	NA	"PF00047: Immunoglobulin domain; PF01462: Leucine rich repeat N-terminal domain; PF07679: Immunoglobulin I-set domain; PF07714: Protein tyrosine kinase; PF13855: Leucine rich repeat; PF16920: Tyrosine-protein kinase receptor C2 Ig-like domain"	NA	NA
"TFG-NTRK3"	"TFG"	"NTRK3"	NA	NA	NA	NA	NA	NA	NA	NA	NA	NA	NA	NA	"MNGQLDLSGKLIIKAQLGEDIRRIPIHNEDITYDELVLMMQRVFRGKLLSNDEVTIKYKD
EDGDLITIFDSSDLSFAIQCSRILKLTLFVNGQPRPLESSQVKYLRRELIELRNKVNRLL
DSLEPPGEPGPSTNIPENDTVDGREEKSASDSSGKQSTQVMAASMSAFDPLKNQDEINKN
VMSAFGLTDDQVSGPPSAPAEDRSGTPDSIASSSSAAHPPGVQPQQPPYTGAQTQAGQIE
GPVAVISGEEDSASPLHHINHGITTPSSLDAGPDTVVIGMTRIPVIENPQYFRQGHNCHK
PDTYVQHIKRRDIVLKRELGEGAFGKVFLAECYNLSPTKDKMLVAVKALKDPTLAARKDF
QREAELLTNLQHEHIVKFYGVCGDGDPLIMVFEYMKHGDLNKFLRAHGPDAMILVDGQPR
QAKGELGLSQMLHIASQIASGMVYLASQHFVHRDLATRNCLVGANLLVKIGDFGMSRDVY
STDYYRVGGHTMLPIRWMPPESIMYRKFTTESDVWSFGVILWEIFTYGKQPWFQLSNTEV
IECITQGRVLERPRVCPKEVYDVMLGCWQREPQQRLNIKEIYKILHALGKATPIYLDILG
"	NA	NA	"TRUE"	"TFG,NTRK3"	"FALSE"	NA	"TRUE"	"NTRK3"	"ALTIRATINIB,AZD-6918,AZD-7451,CEP-2563,CHEMBL2007421,ENTRECTINIB,LESTAURTINIB,LOXO-101,MIDOSTAURIN,PLX-3397,PLX-7486,RADICICOL,THYROXINE"	"CHEMBL1983268,CHEMBL2007421,CHEMBL3545075,CHEMBL3545158,CHEMBL3545179,CHEMBL3545298,CHEMBL3545332,CHEMBL3545365,CHEMBL3545381,CHEMBL414883,CHEMBL42115,CHEMBL603469,CHEMBL608533"	"PF00564: PB1 domain"	NA	"PF00047: Immunoglobulin domain; PF01462: Leucine rich repeat N-terminal domain; PF07679: Immunoglobulin I-set domain; PF07714: Protein tyrosine kinase; PF13855: Leucine rich repeat; PF16920: Tyrosine-protein kinase receptor C2 Ig-like domain"	NA	NA
"WFS1-PLAG1"	"WFS1"	"PLAG1"	NA	NA	NA	NA	NA	NA	NA	NA	NA	NA	NA	NA	"MATVIPGDLSEVRDTQKVPSGKRKRGETKPRKNFPCQLCDKAFNSVEKLKVHSYSHTGER
PYKCIQQDCTKAFVSKYKLQRHMATHSPEKTHKCNYCEKMFHRKDHLKNHLHTHDPNKET
FKCEECGKNYNTKLGFKRHLALHAATSGDLTCKVCLQTFESTGVLLEHLKSHAGKSSGGV
KEKKHQCEHCDRRFYTRKDVRRHMVVHTGRKDFLCQYCAQRFGRKDHLTRHMKKSHNQEL
LKVKTEPVDFLDPFTCNVSVPIKDELLPVMSLPSSELLSKPFTNTLQLNLYNTPFQSMQS
SGSAHQMITTLPLGMTCPIDMDTVHPSHHLSFKYPFSSTSYAISIPEKEQPLKGEIESYL
MELQGGVPSSSQDSQASSSSKLGLDPQIGSLDDGAGDLSLSKSSISISDPLNTPALDFSQ
LFNFIPLNGPPYNPLSVGSLGMSYSQEEAHSSVSQLPPQTQDLQDPANTIGLGSLHSLSA
AFTSSLSTSTTLPRFHQAFQ
"	NA	NA	"TRUE"	"PLAG1"	"FALSE"	NA	"FALSE"	NA	NA	NA	NA	NA	"PF00096: Zinc finger, C2H2 type; PF13894: C2H2-type zinc finger; PF13912: C2H2-type zinc finger"	NA	NA
"SPECC1L-RET"	"SPECC1L"	"RET"	NA	NA	NA	NA	NA	NA	NA	NA	NA	NA	NA	NA	"MKKASRSVGSVPKVSAISKTQTAEKIKPENSSSASTGGKLVKPGTAASL
SKTKSSDDLLAGMAGGVTVTNGVKGKKSTCPSAAPSASAPAMTTVENKSKISTGTASSTK
RSTSTGNKESSSTRERLRERTRLNQSKKLPSAGQGANDMALAKRSRSRTATECDVRMSKS
KSDNQISDRAALEAKVKDLLTLAKTKDVEILHLRNELRDMRAQLGINEDHSEGDEKSEKE
TIMAHQPTDVESTLLQLQEQNTAIREELNQLKNENRMLKDRLNALGFSLEQRLDNSEKLF
GYQSLSPEITPGNQSDGGGTLTSSVEGSAPGSVEDLLSQDENTLMDHQHSNSMDNLDSEC
SEVYQPLTSSDDALDAPSSSESEGIPSIERSRKGSSGNASEVSVACLTERIHQMEENQHS
TSEELQATLQELADLQQITQELNSENERLGEEKVILMESLCQQSDKLEHFSRQIEYFRSL
LDEHHISYVIDEDVKSGRYMELEQRYMDLAENARFEREQLLGVQQHLSNTLKMAEQDNKE
AQEMIGALKERSHHMERIIESEQKGKAALAATLEEYKATVASDQIEMNRLKAQLENEKQK
VAELYSIHNSGDKSDIQDLLESVRLDKEKAETLASSLQEDLAHTRNDANRLQDAIAKVED
EYRAFQEEAKKQIEDLNMTLEKLRSDLDEKETERSDMKETIFELEDEVEQHRAVKLHDNL
IISDLENTVKKLQDQKHDMEREIKTLHRRLREESAEWRQFQADLQTAVVIANDIKSEAQE
EIGDLKRRLHEAQEKNEKLTKELEEIKSRKQEEERGRVYNYMNAVERDLAALRQGMGLSR
RSSTSSEPTPTVKTLIKSFDSASQVPNPAAAAIPRTPLSPSPMKTPPAAAVSPMQEDPKW
EFPRKNLVLGKTLGEGEFGKVVKATAFHLKGRAGYTTVAVKMLKENASPSELRDLLSEFN
VLKQVNHPHVIKLYGACSQDGPLLLIVEYAKYGSLRGFLRESRKVGPGYLGSGGSRNSSS
LDHPDERALTMGDLISFAWQISQGMQYLAEMKLVHRDLAARNILVAEGRKMKISDFGLSR
DVYEEDSYVKRSQGRIPVKWMAIESLFDHIYTTQSDVWSFGVLLWEIVTLGGNPYPGIPP
ERLFNLLKTGHRMERPDNCSEEMYRLMLQCWKQEPDKRPVFADISKDLEKMMVKRRDYLD
LAASTPSDSLIYDDGLSEEETPLVDCNNAPLPRALPSTWIENKLYGMSDPNWPGESPVPL
TRADGTNTGFPRYPNDSVYANWMLSPSAAKLMDTFDS
"	NA	NA	"TRUE"	"RET"	"TRUE"	"SPECC1L--RET"	"TRUE"	"RET"	"ALECTINIB,ALECTINIB HYDROCHLORIDE,AMUVATINIB,AST-487,AT-9283,AZD-1480,CABOZANTINIB,CEP-11981,CEP-2563,CEP-32496,CETUXIMAB,CHEMBL1213492,CHEMBL126955,DEXAMETHASONE,DOVITINIB,ENMD-2076,EVEROLIMUS,GENISTEIN,IMATINIB,INK-128,LENVATINIB,LESTAURTINIB,LINIFANIB,LUCITANIB,MOTESANIB,NINTEDANIB,PHORBOL MYRISTATE ACETATE,PONATINIB,QUIZARTINIB,REGORAFENIB,SORAFENIB,SORAFENIB TOSYLATE,SUNITINIB,SUNITINIB MALATE,TAMATINIB,TRETINOIN,VANDETANIB"	"CHEMBL1171837,CHEMBL1200485,CHEMBL1201577,CHEMBL1213492,CHEMBL1231124,CHEMBL126955,CHEMBL1289601,CHEMBL1336,CHEMBL1567,CHEMBL1738797,CHEMBL1908360,CHEMBL1946170,CHEMBL2010872,CHEMBL2029988,CHEMBL2103851,CHEMBL2105717,CHEMBL2220486,CHEMBL223360,CHEMBL24828,CHEMBL279115,CHEMBL3545056,CHEMBL3545332,CHEMBL3707320,CHEMBL38,CHEMBL384467,CHEMBL44,CHEMBL475251,CHEMBL482968,CHEMBL495727,CHEMBL502835,CHEMBL522892,CHEMBL535,CHEMBL572881,CHEMBL574738,CHEMBL576982,CHEMBL603469,CHEMBL941"	"PF00307: Calponin homology (CH) domain"	NA	"PF00028: Cadherin domain; PF07714: Protein tyrosine kinase"	NA	NA
"ST13-ROS1"	"ST13"	"ROS1"	NA	NA	NA	NA	NA	NA	NA	NA	NA	NA	NA	NA	"MDPRKVNELRAFVKMCKQDPSVLHTEEMRFLREWVESMGGKVPPATQKA
KSEENTKEEKPDSKKVEEDLKADEPSSEESDLEIDKEGVIEPDTDAPQEMGDENAEITEE
MMDQANDKKVAAIEALNDGELQKAIDLFTDAIKLNPRLAILYAKRASVFVKLQKPNAAIR
DCDRAIEINPDSAQPYKWRGKAHRLLGHWEEAAHDLALACKLDYDEDASAMLKEVQPRAQ
KIAEHRRKYERKREEREIKERIERVKKAREEHERAQREEEARRQSGAQYGSFPVWHRRLK
NQKSAKEGVTVLINEDKELAELRGLAAGVGLANACYAIHTLPTQEEIENLPAFPREKLTL
RLLLGSGAFGEVYEGTAVDILGVGSGEIKVAVKTLKKGSTDQEKIEFLKEAHLMSKFNHP
NILKQLGVCLLNEPQYIILELMEGGDLLTYLRKARMATFYGPLLTLVDLVDLCVDISKGC
VYLERMHFIHRDLAARNCLVSVKDYTSPRIVKIGDFGLARDIYKNDYYRKRGEGLLPVRW
MAPESLMDGIFTTQSDVWSFGILIWEILTLGHQPYPAHSNLDVLNYVQTGGRLEPPRNCP
DDLWNLMTQCWAQEPDQRPTFHRIQDQLQLFRNFFLNSIYKSRDEANNSGVINESFEGED
GDVICLNSDDIMPVALMETKNREGLNYMVLATECGQGEEKSEGPLGSQESESCGLRKEEK
EPHADKDFCQEKQVAYCPSGKPEGLNYACLTHSGYGDGSD
"	NA	NA	"TRUE"	"ROS1"	"FALSE"	NA	"TRUE"	"ROS1"	"ASP-3026,BRIGATINIB,CABOZANTINIB,CERITINIB,CRIZOTINIB,ENTRECTINIB,FORETINIB,LORLATINIB,NAPROXEN,TAE-684"	"CHEMBL1230609,CHEMBL154,CHEMBL1983268,CHEMBL2105717,CHEMBL2403108,CHEMBL3286830,CHEMBL3545311,CHEMBL3545360,CHEMBL509032,CHEMBL601719"	"PF13181: Tetratricopeptide repeat; PF13432: Tetratricopeptide repeat"	NA	"PF00041: Fibronectin type III domain; PF07714: Protein tyrosine kinase"	NA	NA
"TFG-ROS1"	"TFG"	"ROS1"	NA	NA	NA	NA	NA	NA	NA	NA	NA	NA	NA	NA	"MNGQLDLSGKLIIKAQLGEDIRRIPIHNEDITYDELVLMMQRVFRGKLL
SNDEVTIKYKDEDGDLITIFDSSDLSFAIQCSRILKLTLFVNGQPRPLESSQVKYLRREL
IELRNKVNRLLDSLEPPGEPGPSTNIPENVWHRRLKNQKSAKEGVTVLINEDKELAELRG
LAAGVGLANACYAIHTLPTQEEIENLPAFPREKLTLRLLLGSGAFGEVYEGTAVDILGVG
SGEIKVAVKTLKKGSTDQEKIEFLKEAHLMSKFNHPNILKQLGVCLLNEPQYIILELMEG
GDLLTYLRKARMATFYGPLLTLVDLVDLCVDISKGCVYLERMHFIHRDLAARNCLVSVKD
YTSPRIVKIGDFGLARDIYKNDYYRKRGEGLLPVRWMAPESLMDGIFTTQSDVWSFGILI
WEILTLGHQPYPAHSNLDVLNYVQTGGRLEPPRNCPDDLWNLMTQCWAQEPDQRPTFHRI
QDQLQLFRNFFLNSIYKSRDEANNSGVINESFEGEDGDVICLNSDDIMPVALMETKNREG
LNYMVLATECGQGEEKSEGPLGSQESESCGLRKEEKEPHADKDFCQEKQVAYCPSGKPEG
LNYACLTHSGYGDGSD
"	NA	NA	"TRUE"	"TFG,ROS1"	"FALSE"	NA	"TRUE"	"ROS1"	"ASP-3026,BRIGATINIB,CABOZANTINIB,CERITINIB,CRIZOTINIB,ENTRECTINIB,FORETINIB,LORLATINIB,NAPROXEN,TAE-684"	"CHEMBL1230609,CHEMBL154,CHEMBL1983268,CHEMBL2105717,CHEMBL2403108,CHEMBL3286830,CHEMBL3545311,CHEMBL3545360,CHEMBL509032,CHEMBL601719"	"PF00564: PB1 domain"	NA	"PF00041: Fibronectin type III domain; PF07714: Protein tyrosine kinase"	NA	NA
"CINP-TDRD9"	"CINP"	"TDRD9"	NA	NA	NA	NA	NA	NA	NA	NA	NA	NA	NA	NA	"MEAKTLGTVTPRKPVLSVSARKIKDNAADWHNLILKWETLNDAGFTTANNIANLKISLLN
KDKIELDSSSPASKENEEKVCLEYNEELEKLCEELQATLDGLVNILRAAINKLVCDGPNG
CKCLGPERVAQLQDIARQKLLGLFCQSKPREKIVPKWHEKPYEWNQVDPKLVMEQADRES
SRGKNTFLYQLHKLVVLGT
"	NA	NA	"FALSE"	NA	"FALSE"	NA	"FALSE"	NA	NA	NA	NA	NA	"PF00270: DEAD/DEAH box helicase; PF00271: Helicase conserved C-terminal domain; PF00567: Tudor domain; PF04408: Helicase associated domain (HA2)"	NA	NA
"FUS-VEZF1"	"FUS"	"VEZF1"	NA	NA	NA	NA	NA	NA	NA	NA	NA	NA	NA	NA	"MASNDYTQQATQSYGAYPTQPGQGYSQQSSQPYGQQSYSGYSQSTDTSGYGQSSYSSYGQ
SQNTGYGTQSTPQGYGSTGGYGSSQSSQSSYGQQSSYPGYGQQPAPSSTSGSYGSSSQSS
SYGQPQSGSYSQQPSYGGQQQSYGQQQSYNPPQGYGQQNQYNSSSGGGGGGGGGGNYGQD
QSSMSSGGGSGGGYGNQDQSGGGGSGGYGQQDRGGRGRGGSGGGGGGGGGGYNRSSGGYE
PRGRGGGRGGRGGMGGSDRGGFNKFGGP
"	NA	NA	"TRUE"	"FUS"	"FALSE"	NA	"TRUE"	"FUS"	"TRETINOIN"	"CHEMBL38"	"PF00076: RNA recognition motif. (a.k.a. RRM, RBD, or RNP domain); PF00641: Zn-finger in Ran binding protein and others"	NA	"PF00096: Zinc finger, C2H2 type; PF13894: C2H2-type zinc finger"	NA	NA
"HMGA2-WIF1"	"HMGA2"	"WIF1"	NA	NA	NA	NA	NA	NA	NA	NA	NA	NA	NA	NA	"MSARGEGAGQPSTSAQGQPAAPAPQKRGRGRPRKQQQEPTGEPSPKRPRGRPKGSKNKSP
SKAAQKKAEATGEKRPRGRPRKWLSASLAVVHMEPAMNPTNANVKKVGMEDTAIKGTKPA
SYMP
"	NA	NA	"TRUE"	"HMGA2,WIF1"	"TRUE"	"HMGA2--WIF1"	"FALSE"	NA	NA	NA	"PF02178: AT hook motif"	NA	"PF02019: WIF domain; PF07974: EGF-like domain; PF12661: Human growth factor-like EGF"	NA	NA
